USE WEBSITE
DELETE FROM OFFICE;
DELETE FROM ORDERS;
DELETE FROM EMPLOYEE;
DELETE FROM CUCTOMER;
DELETE FROM CATEGORY;
DELETE FROM AUTHOR;
DELETE FROM PUBLICATION;
DELETE FROM BOOK;

SET ansi_warnings OFF
GO

USE WEBSITE;
INSERT INTO OFFICE (ID, NAME, CITY, STREET, PHONE_NUMBER, EMAIL) VALUES
(1,'BookNook', 'Львів', 'Наукова', 0979254963, 'booknook01@gmail.com'),
(2,'BookNook', 'Мостиська', 'Сонячна', 0982515245, 'booknook02@gmail.com'),
(3,'BookNook', 'Самбір', 'Зелена', 0991864496, 'booknook03@gmail.com');
USE WEBSITE;
INSERT INTO EMPLOYEE (ID, FIRSTNAME, LASTNAME, POSITION, DATE_EMPLOYMENT, RATE,OFFICE_ID) VALUES
(1, 'Ірина','Кравченко','Продавець','01/20/2019',20000,1),
(2, 'Марина','Іваненко','Продавець','12/18/2017',15000,2),
(3, 'Денис','Сидоренко','Продавець','12/18/2015',17000,3),
(4,'Аліна','Ковальова','Продавець','01/10/2022',8500,1),
(5,'Михайло','Григоренко','Продавець','10/11/2021',9000,2),
(6,'Сергій','Мельников','Продавець','01/14/2022',8000,3),
(7,'Вікторія','Кравець','Консультант','02/02/2019',6500,1),
(8,'Ігор','Бондаренко','Консультант','02/12/2015',7000,2),
(9,'Оксана','Гончаренко','Консультант','12/21/2016',8000,3),
(10,'Роман','Чирнешев','Консультант','10/05/2020',5000,1),
(11,'Наталія','Полякова','Консультант','05/20/2022',4500,2);
USE WEBSITE;
INSERT INTO CUCTOMER (ID, FIRSTNAME, LASTNAME, EMAIL, PASS_WORD, GENDER, DATE_BIRTH, CITY, PHONE_NUMBERS) VALUES
(1,'Анна ','Коваленко','anna.kovalenko@gmail.com','Password123','Ж','12/05/1990','Київ',661234567),
(2,'Олександр','Іваненко','oleksandr.ivanenko@gmail.com','qwerty123','Ч','02/08/1985','Львів',971234567),
(3,'Катерина','Шевченко','katerina.shevchenko@gmail.com','12345678','Ж','03/12/1993','Одеса',931234567),
(4,'Михайло','Петренко','mihailo.petrenko@gmail.com','P@ssword123','Ч','07/10/1988','Харків',991234567),
(5,'Софія','Шевченко','sofia.shevchuk@gmail.com','P@Abcd1234','Ж','02/10/1998','Дніпро',981234567),
(6,'Ігор','Кравченко','igor.kravchenko@gmail.com','Qazxsw123','Ч','04/11/1992','Запоріжжя',961234567),
(7,'Марія','Васильченко','maria.vasylchenko@gmail.com','Asdfghjkl123','Ж','07/01/1987','Чернівці',971234567),
(8,'Олександра','Ковальова','oleksandra.kovalova@gmail.com','P@ssw0rd','Ж','12/12/1995','Херсон',931234567),
(9,'Денис','Бондаренко','denys.bondarenko@gmail.com','123456789','Ч','09/11/1991','Кропивницький',971234567),
(10,'Анастасія','Кравчук','anastasiia.kravchuk@gmail.com','Password1234','Ж','02/05/1997','Луцьк',981234567),
(11,'Артем','Богданов','artem.bogdanov@gmail.com','Qwerty123','Ч','12/02/1990','Одеса',971234567),
(12,'Марина','Лисенко','marina.lysenko@gmail.com','Abcd1234','Ж','05/09/1989','Львів',971234567),
(13,'Сергій','Данилов','serhii.danylov@gmail.com','123qweasd','Ч','03/12/1994','Дніпро',971234567),
(14,'Олексій','Гончаренко','oleksii.honcharenko@gmail.com','MyPass123','Ч','08/11/1993','Київ',971234567),
(15,'Оксана','Мельник','oksana.melnyk@gmail.com','12345678','Ж','07/12/1988','Житомир',971234567),
(16,'Іван','Коваленко','ivan.kovalenko@gmail.com','P@ssword123','Ч','06/12/1995','Харків',971234567),
(17,'Юлія','Головченко','yuliia.holovchenko@gmail.com','123qazwsx','Ж','07/12/2000','Житомир',971234567),
(18,'Михайло','Ковальов','mykhailo.kovaliov@gmail.com','Qwert123','Ч','01/09/1997','Запоріжжя',971234567),
(19,'Катерина','Жукова','kateryna.zhukova@gmail.com','Abcdefg123','Ж','03/05/1995','Вінниця',971234567),
(20,'Олександр','Петренко','oleksandr.petreko@gmail.com','Password1234','Ч','07/11/1987','Кропивницький',971234567),
(21,'Наталія','Коваленко','nataliia.kovalenko@gmail.com','123456789','Ж','10/11/1999','Чернігів',971234567),
(22,'Віталій','Шевчук','vitalii.shevchuk@gmail.com','MyPassword123','Ч','04/02/1989','Івано-Франківськ',971234567),
(23,'Людмила','Литвенко','liudmyla.litvinenko@gmail.com','123123qwe','Ж','09/10/1990','Київ',971234567),
(24,'Дмитро','Харченко','dmytro.kharchenko@gmail.com','Passw0rd123','Ч','05/02/2003','Івано-Франківськ',971234567),
(25,'Анна','Кравчук','anna.kravchuk@gmail.com','qwerty123','Ж','02/12/1996','Львів',971234567);

USE WEBSITE;
INSERT INTO CATEGORY (ID , TYPY_OF_BOOK, FORMAT_BOOK, LANGUAGE_BOOK) VALUES
(1,'Художня література', 'Паперова', 'Українська'),
(2,'Саморозвиток', 'Паперова', 'Українська'),
(3,'Дитяча література', 'Паперова', 'Українська'),
(4,'Філософія', 'Паперова', 'Українська'),
(5,'Історія', 'Паперова', 'Українська'),
(6,'Мистецтво.Культура', 'Паперова', 'Українська'),
(7,'Краса, імідж, стиль', 'Паперова', 'Українська'),
(8,'Кулінарія', 'Паперова', 'Українська'),
(9,'Медична література', 'Паперова', 'Українська'),
(10,'Психологія і взаємини', 'Паперова', 'Українська'),
(11,'Історія', 'Аудіо', 'Англійська'),
(12,'Історія', 'Електронна', 'Німецька'),
(13,'Мистецтво.Культура', 'Електронна', 'Англійська'),
(14,'Мистецтво.Культура', 'Аудіо', 'Німецька'),
(15,'Краса, імідж, стиль', 'Електронна', 'Англійська'),
(16,'Кулінарія', 'аудіо', 'Німецька'),
(17,'Медична література', 'Електронна', 'Англійська'),
(18,'Медична література', 'Аудіо', 'Німецька'),
(19,'Психологія і взаємини', 'Аудіо', 'Англійська'),
(20,'Психологія і взаємини', 'Електронна', 'Німецька');

USE WEBSITE;
INSERT INTO AUTHOR (ID , FIRSTNAME, LASTNAME, DATE_BIRTH) VALUES
(1,'Макс','Кідрук','04/01/1984'),
(2,'Ліна','Костенко','03/19/1930'),
(3,'Джордж','Орвелл','06/25/1903'),
(4,'Віктор','Франкл','03/26/1905'),
(5,'Джон','Кехо','12/16/1934'),
(6,'Ерік','Берн','05/10/1905'),
(7,'Джоан','Роулінг','07/31/1965'),
(8,'Всеолод','Нестайко','01/30/1930'),
(9,'Дебі','Гліорі',''),
(10,'Роальд','Дал','09/13/1916'),
(11,'Джеймс','Борг',''),
(12,'Джохар','Дудаєв',''),
(13,'Олександр','Палій','10/07/1974'),
(14,'Ярослав','Грицак','01/01/1960'),
(15,'С’юзі','Годж',''),
(16,'Діана','Клочко','03/31/1963'),
(17,'Ольга','Фреймут','02/25/1982'),
(18,'Ольга','Фем',''),
(19,'Євген','Клопотенко','11/23/1986'),
(20,'Андрій','Сем’янків','1978'),
(21,'Генрі','Марш','03/05/1950'),
(22,'Габор','Мате','02/09/1979'),
(23,'Спартак','Субота','02/10/1992'),
(24,'Віктор','Франкл','02/26/1905'),
(25,'Давід','Бернс','01/25/1759'),
(26,'Володимир','Станчишин','03/05/1950');

USE WEBSITE;
INSERT INTO  PUBLICATION (ID, NAME, LOCATION, EMAIL, PHONE_NUMBERS) VALUES
(1,'Бородатий Тамарин', 'Київ', 'borodatuytamarun@gmail.com', 0935044070),
(2,'Книжковий клуб "Клуб Сімейного Дозвілля"', 'Харків', 'vudstarogoleva@gmail.com',0322590100),
(3,'А-ба-ба-га-ла-ма', 'Львів', 'ababagalama@gmail.com', 0981254655),
(4,'Видавництво Жупанського', 'Київ','gypanskogo@gmail.com', 0236587496),
(5,'Фоліо', 'Житомир', 'folio@gmail.com',0123654789),
(6,'Навчальна книга-Богдан', 'Львів','navchbookbogdan@gmail.com',0417852369),
(7,'Школа(Харків)', 'Харків','schoolharkiv@gmail.com',0982515425),
(8,'Читаріум', 'Одеса', 'chutarium@gmail.com',0991864496),
(9,'Видавництво старого Лева', 'Львів', 'vudavnuctvostarogoleva', 0979254963),
(10,'Книголюб', 'Дніпро', 'knugolub@gmail.com',0982515244);


USE WEBSITE;
INSERT INTO BOOK(ID, NAME, CATEGORY_ID, AUTHOR_ID, PUBLICATION_ID, YEAR_PUBLICATION, DESCRIPTION_BOOK, PRICE) VALUES
(1,'Нові Темні Віки. Книга 1. Колонія',1,1,1,'01/25/2023','Історія про світ у майбутньому',465),
(2,'Не озирайся і мовчи',1,1,2,'06/21/2017','Історія про жииття сім’ї Грозанів, які переїхали в інше місце, щоб втекти від реальності',240),
(3,'Доки світло не згасне назавжди',1,1,2,'12/12/2019','Історія про те як нещасний випадок назавжди змінив життя двох сестер',240),  
(4,'Триста поезій',1,2,3,'12/02/2019','Збірник найкращик творів поетеси написаних з 1991 року',320),
(5,'Записки українського самашедшого',1,2,3,'12/12/2018','Історія 35-річного програміста, який є заручником світових абсурдів',340),
(6,'Маруся Чурай',1,2,3,'06/25/2018','Історичний роман у віршах про долю Марусі Чурай',320),
(7,'1984',1,3,4,'10/15/2021','У творі представлено події майбутнього де йде війна усіх проти всіх',180),
(8,'Колгосп Тварин',1,3,5,'05/05/2021','Історія про зародження тоталіторного реживу в СРСр, головними героями історії є тварини',210),
(9,'Людина в пошуках справжнього сенсу.Психолог у концтаборі',2,4,2,'2020','Історія про ув’язнення в концтаборі, голод, принежиння і нелюдську жорстокість',130),
(10,'Підсвідомості все підвладне',2,5,2,'12/31/2019','Книга про візуалізацію, правильну інтерпретацію мрій, сни та реальність',175),
(11,'Сила підсвідомості',2,5,2,'11/25/2022','Продовження книги "Підсвідомості все підвладне"',400),
(12,'Ігри у які грають люди',2,6,2,'01/27/2016','Автор розкриває таємні прийоми, які керують нашим життям',265),
(13,'Що ти кажеш псля привітання. Психологія людської долі',2,6,2,'07/12/2018','Книга дає відповіді на питання, чому переможці завжди виграють, а невдахи колекціонують провали',200),
(14,'Гаррі Поттер і філософський камінь',3,7,3,'10/12/2017','Історія про сироту на ім’я Гаррі, який потрапив до магічного світу',320),
(15,'Гаррі Поттер і таємна кімната',3,7,3,'03/17/2017','Друга частина пригод Гаррі Потерра',320),
(16,'Гаррі Поттер і в’язень Азкабану',3,7,3,'12/10/2017','Треття частина Гаррі Потерра',320),
(17,'Тореадори з Васюківки',3,8,3,'01/22/2018','Історія про школярів',400),
(18,'Чарівний талісман',3,8,6,'10/10/2016','Історії про пригоди школярів',320),
(19,'Одиниця з обманом',3,8,7,'12/12/2010','Книга про цікаві і смішні шкільні історії',420),
(20,'Щоб не було',3,9,8,'03/17/2021','Історія про маленького вередуна, якому здається що його ніхто не любить',390),
(21,'Буремної ночі',3,9,8,'07/10/2017','Історія про материнську любов',220),
(22,'Чарлі і шоколадна фабрика',3,10,3,'12/06/2013','Історія про хлопчика, який попав на шоколадну фабрику',450),
(23,'Мистецтво говорити. Таємниці ефективного спілкування',4,11,4,'03/08/2022','Відкриття в галузі спілкування, особистісного розвитку',370),
(24,'Лицар свободи',4,12,5,'02/09/2022','Історія про міркування та судження батька чеченьсьої державності',300),
(25,'Короткий курс історії України',5,13,5,'12/12/2020','Книга про історію України',300),
(26,'Нарис історії України',5,14,3,'08/30/2022','Книга про історію України',500),
(27,'Подолати минули. Глобальна історія України',12,15,1,'','Книга про минуле і майбутнє України',200),
(28,'Розмови про Україну',11,15,9,'12/10/2022','Книга про Україну',320),
(29,'Коротка історі мистецтва',11,15,9,'02/12/2022','Історія мистецтва від первісних часів до сьогодення',300),
(30,'Про любов та етикет',13,17,7,'10/11/2017','Історія про правила гарних манер',510),
(31,'65 Українських шедеврів',14,16,9,'12/12/2010','Історія про українське мистецтво',520),
(32,'Про любов. Школа пані Фреймут',6,17,1,'03/07/2023','Книга про гарні манери',620),
(33,'Самовчитель із догляду шкіри',15,18,3,'10/03/2018','Книга про гарні манери',310),
(34,'Зваблення їжею',8,19,6,'11/11/2019','Рецепти від Євгена Клопотенко',430),
(35,'Зваблення їжею з українським смаком',16,19,1,'12/02/2020','Книга про гарні манери',400),
(36,'Медицина доказова і не дуже',9,20,10,'12/02/2021','Книга про нетрадиційну і традиційну медицину',390),
(37,'Танці з кістками',17,20,9,'10/15/2022','Історія про патологонатома',130),
(38,'Історія про життя смерть і нейрохірургію',18,21,9,'10/06/2021','Історія про етику стосунків між лікарем і пацієнтом',370),
(39,'Коли тіло каже "Ні"',9,22,1,'12/12/2019','Історія про роль зв’язку між розумом і тілом',360),
(40,'Людина в пошуках справжнього сенсу',10,24,8,'10/10/2021','Історія про ув’язнення в концтаборі',360),
(41,'Лікар та душа',19,24,7,'11/10/2018','Книга про складну природу складної людської душі',400),
(42,'Почувайся добре',10,25,6,'12/10/2016','Книга про терапію настрою',240),
(43,'Емоційні гойдалки війни',20,26,10,'11/12/2021','Книга як впоратись зі стресом під час війни',180),
(44,'Стіни в моїй голові',20,26,4,'10/15/2022','Книга про фобії, тривожності, дипресії та різні психічні розлади',270),
(45,'Для стосунків потрібні двоє',10,26,10,'11/11/2022','Книга як побудувати здорові стосунки',340);

USE WEBSITE;
INSERT INTO  ORDERS (ID, BOOK_ID, EMPLOYEE_ID, CUSTOMER_ID, NUMBERS, DATE_ORDER, AMOUNT) VALUES
(1,1,2,1,1,'12/12/2020',465),
(2,1,3,2,1,'07/20/2019',465),
(3,2,2,3,2,'12/12/2020',480),
(4,2,5,4,1,'02/11/2019',240),
(5,3,4,5,3,'07/08/2022',720),
(6,3,5,6,1,'03/21/2020',240),
(7,3,5,7,2,'06/10/2020',480),
(8,3,5,8,1,'04/10/2021',240),
(9,4,8,6,1,'02/21/2021',320),
(10,5,5,6,1,'03/20/2020',340),
(11,6,5,7,1,'07/20/2020',320),
(12,6,8,8,2,'04/28/2022',640),
(13,6,4,9,1,'03/30/2021',320),
(14,6,11,10,1,'05/25/2021',320),
(15,6,5,6,1,'02/15/2020',320),
(16,7,10,7,1,'04/16/2020',180),
(17,8,6,8,1,'03/25/2021',210),
(18,8,3,9,1,'01/27/2020',210),
(19,9,7,10,1,'12/01/2022',130),
(20,10,8,11,1,'09/01/2021',175),
(21,10,5,11,1,'02/11/2021',175),
(22,10,2,12,1,'05/27/2020',175),
(23,11,3,13,1,'08/10/2021',400),
(24,11,6,14,2,'06/02/2022',800),
(25,12,6,15,1,'07/21/2020',265),
(26,13,6,16,1,'07/22/2020',200),
(27,13,5,17,1,'12/22/2021',200),
(28,14,2,17,1,'07/07/2021',320),
(29,15,3,17,1,'08/12/2020',320),
(30,16,4,17,1,'09/12/2020',320),
(31,16,4,18,1,'10/11/2020',320),
(32,17,5,19,1,'11/10/2021',400),
(33,17,6,21,1,'12/10/2021',400),
(34,19,8,22,1,'11/03/2021',420),
(35,17,6,20,1,'09/03/2022',400),
(36,18,5,20,1,'04/03/2021',320),
(37,19,6,21,1,'02/28/2021',420),
(38,20,7,21,1,'04/28/2022',390),
(39,20,8,22,1,'06/26/2021',390),
(40,20,9,23,1,'10/13/2019',390),
(41,20,10,24,1,'10/26/2020',390),
(42,20,11,25,1,'10/19/2021',390),
(43,20,6,20,1,'11/27/2021',390),
(44,22,8,19,1,'10/15/2021',450),
(45,21,7,20,1,'07/23/2021',220),
(46,22,8,21,1,'10/24/2022',450),
(47,23,7,15,1,'09/12/2020',370),
(48,23,8,10,1,'07/21/2019',370),
(49,24,5,11,1,'03/03/2021',300),
(50,24,6,16,1,'04/03/2022',300),
(51,25,7,10,1,'07/21/2022',300),
(52,25,8,11,1,'08/22/2021',300),
(53,25,9,1,1,'10/12/2022',300),
(54,26,10,20,1,'06/24/2021',500),
(55,27,11,11,1,'10/28/2021',200),
(56,28,10,17,1,'11/11/2021',320),
(57,28,9,12,1,'12/03/2022',320),
(58,29,10,7,1,'11/07/2022',300),
(59,29,11,13,1,'12/21/2021',300),
(60,30,10,14,1,'05/29/2020',510),
(61,30,11,18,1,'06/30/2021',510),
(62,30,11,19,1,'06/07/2021',510),
(63,30,7,9,1,'01/19/2021',510),
(64,30,5,11,1,'09/09/2022',510),
(65,30,5,10,1,'10/27/2021',510),
(66,31,6,8,1,'11/22/2021',520),
(67,31,7,14,1,'11/23/2020',520),
(68,32,7,16,1,'08/19/2021',620),
(69,33,5,17,1,'04/21/2022',310),
(70,33,7,18,1,'06/08/2020',310),
(71,34,6,10,1,'03/26/2021',430),
(72,34,7,11,1,'01/24/2021',430),
(73,35,6,9,1,'05/30/2022',400),
(74,35,8,8,1,'10/15/2021',400),
(75,35,8,9,1,'01/25/2021',400),
(76,35,5,8,1,'03/21/2021',400),
(77,35,9,11,1,'04/10/2022',400),
(78,36,4,18,1,'07/21/2022',390),
(79,36,5,19,1,'12/06/2021',390),
(80,36,6,20,1,'11/05/2021',390),
(81,36,7,25,1,'07/23/2022',390),
(82,36,2,16,1,'08/29/2021',390),
(83,36,2,14,1,'08/28/2021',390),
(84,36,3,16,1,'07/23/2020',390),
(85,36,6,18,1,'10/03/2020',390),
(86,37,8,16,1,'10/15/2020',130),
(87,37,9,20,1,'11/03/2020',130),
(88,37,1,21,1,'03/04/2021',130),
(89,37,3,23,1,'10/04/2021',130),
(90,38,4,21,1,'06/21/2021',370),
(91,38,5,22,1,'07/23/2020',370),
(92,39,6,14,1,'08/04/2022',360),
(93,40,6,11,1,'01/17/2022',360),
(94,41,7,8,1,'03/10/2022',400),
(95,42,9,2,1,'05/23/2021',240),
(96,43,10,3,1,'03/20/2022',180),
(97,44,11,5,1,'07/09/2020',270),
(98,44,10,8,1,'11/17/2020',270),
(99,45,11,17,1,'10/21/2020',340),
(100,45,9,19,1,'03/22/2021',340);